Random Integer,Random Float
16,44.17359097614838
81,17.429419205459283
14,46.245183302692006
73,19.863547204363208
35,74.87940457529263
60,96.45444871184331
73,12.831316197790176
9,17.674797815512587
54,30.79320136269088
59,42.85239341643188
